Workbook

Sheet constant
A1: step_length | B1: =1/12 -> 0.083333333

Sheet table_cohort_data
A1: id | B1: annual_annuity_amount | C1: annuity_start_age | D1: current_age | E1: mortality_table
A2: dataType | B2: real | C2: real | D2: real | E2: string
A3: unit | B3: GBP per year | C3: years | D3: years
A4: cohort
A5: 1 | B5: 12.34 | C5: 61 | D5: 31.2 | E5: AM92U
A6: 2 | B6: 23.45 | C6: 62 | D6: 32.3 | E6: AM92U
A7: 3 | B7: 34.56 | C7: 63 | D7: 33.4 | E7: AF92U
A8: 4 | B8: 45.67 | C8: 64 | D8: 34.5 | E8: AF92U

Sheet table_mortality_rate
A1: age | B1: AM92U | C1: AF92U
A2: 17 | B2: 0.0006 | C2: 0.000172
A3: 18 | B3: 0.000594 | C3: 0.000178
A4: 19 | B4: 0.000587 | C4: 0.000185
A5: 20 | B5: 0.000582 | C5: 0.000193
A6: 21 | B6: 0.000577 | C6: 0.000202
A7: 22 | B7: 0.000572 | C7: 0.000212
A8: 23 | B8: 0.000569 | C8: 0.000223
A9: 24 | B9: 0.000567 | C9: 0.000235
A10: 25 | B10: 0.000566 | C10: 0.000248
A11: 26 | B11: 0.000567 | C11: 0.000263
A12: 27 | B12: 0.00057 | C12: 0.000279
A13: 28 | B13: 0.000574 | C13: 0.000297
... A105: 120 | B105: 1 | C105: 1

Sheet table_spot_rate
A1: step | B1: rate
A2: 0 | B2: 0.056512451
A3: 1 | B3: 0.051091548
A4: 2 | B4: 0.055478162
A5: 3 | B5: 0.059705945
A6: 4 | B6: 0.052494186
A7: 5 | B7: 0.057150264
A8: 6 | B8: 0.05188191
A9: 7 | B9: 0.056987036
A10: 8 | B10: 0.051436848
A11: 9 | B11: 0.055225441
A12: 10 | B12: 0.057108608
A13: 11 | B13: 0.055952116
... A722: 720 | B722: 0.059398854

Sheet calc_cohort
A1: cohort | B1: annual_annuity_amount | C1: annuity_start_age | D1: current_age | E1: mortality_table
A2: 1 | B2: =INDEX(table_cohort_data!$A$1:$E$8,MATCH($A2,table_cohort_data!$A1:$A8,0),MATCH(B$1,table_cohort_data!$A$1:$E$1,0)) -> 12.34 | C2: =INDEX(table_cohort_data!$A$1:$E$8,MATCH($A2,table_cohort_data!$A1:$A8,0),MATCH(C$1,table_cohort_data!$A$1:$E$1,0)) -> 61 | D2: =INDEX(table_cohort_data!$A$1:$E$8,MATCH($A2,table_cohort_data!$A1:$A8,0),MATCH(D$1,table_cohort_data!$A$1:$E$1,0)) -> 31.2 | E2: =INDEX(table_cohort_data!$A$1:$E$8,MATCH($A2,table_cohort_data!$A1:$A8,0),MATCH(E$1,table_cohort_data!$A$1:$E$1,0)) -> AM92U

Sheet calc_cohort_step
A1: step | B1: attained_age | C1: attained_age_years_floor | D1: annual_mortality_rate | E1: monthly_survival_rate | F1: survival_to_start_of_step | G1: payable_at_start_of_step | H1: payment_indicator | I1: cashflow | J1: spot_rate | K1: discount_factor | L1: discounted_cashflow
A2: 0 | B2: =calc_cohort!D$2+constant!$B$1*A2 -> 31.2 | C2: =_xlfn.FLOOR.MATH(B2) -> 31 | D2: =INDEX(table_mortality_rate!$A$1:$C$2000,MATCH(C2,table_mortality_rate!$A$1:$A$2000,0),MATCH(calc_cohort!$E$2,table_mortality_rate!A$1:C$1,0)) -> 0.000602 | E2: =(1-D2)^constant!$B$1 -> 0.99994982 | F2: =IF(A2=0,1,F1*E2) -> 1 | G2: =B2>=calc_cohort!C$2 -> FALSE | H2: =IF(G2,1,0) -> 0 | I2: =calc_cohort!$B$2*constant!$B$1*F2*H2 -> 0 | J2: =INDEX(table_spot_rate!B$1:B$2000,MATCH(A2,table_spot_rate!A$1:A$2000,0)) -> 0.056512451 | K2: =(1+J2)^(-A2*constant!$B$1) -> 1 | L2: =K2*I2 -> 0
A3: 1 | B3: =calc_cohort!D$2+constant!$B$1*A3 -> 31.283333 | C3: =_xlfn.FLOOR.MATH(B3) -> 31 | D3: =INDEX(table_mortality_rate!$A$1:$C$2000,MATCH(C3,table_mortality_rate!$A$1:$A$2000,0),MATCH(calc_cohort!$E$2,table_mortality_rate!A$1:C$1,0)) -> 0.000602 | E3: =(1-D3)^constant!$B$1 -> 0.99994982 | F3: =IF(A3=0,1,F2*E3) -> 0.99994982 | G3: =B3>=calc_cohort!C$2 -> FALSE | H3: =IF(G3,1,0) -> 0 | I3: =calc_cohort!$B$2*constant!$B$1*F3*H3 -> 0 | J3: =INDEX(table_spot_rate!B$1:B$2000,MATCH(A3,table_spot_rate!A$1:A$2000,0)) -> 0.051091548 | K3: =(1+J3)^(-A3*constant!$B$1) -> 0.99585618 | L3: =K3*I3 -> 0
A4: 2 | B4: =calc_cohort!D$2+constant!$B$1*A4 -> 31.366667 | C4: =_xlfn.FLOOR.MATH(B4) -> 31 | D4: =INDEX(table_mortality_rate!$A$1:$C$2000,MATCH(C4,table_mortality_rate!$A$1:$A$2000,0),MATCH(calc_cohort!$E$2,table_mortality_rate!A$1:C$1,0)) -> 0.000602 | E4: =(1-D4)^constant!$B$1 -> 0.99994982 | F4: =IF(A4=0,1,F3*E4) -> 0.99989964 | G4: =B4>=calc_cohort!C$2 -> FALSE | H4: =IF(G4,1,0) -> 0 | I4: =calc_cohort!$B$2*constant!$B$1*F4*H4 -> 0 | J4: =INDEX(table_spot_rate!B$1:B$2000,MATCH(A4,table_spot_rate!A$1:A$2000,0)) -> 0.055478162 | K4: =(1+J4)^(-A4*constant!$B$1) -> 0.99104139 | L4: =K4*I4 -> 0
A5: 3 | B5: =calc_cohort!D$2+constant!$B$1*A5 -> 31.45 | C5: =_xlfn.FLOOR.MATH(B5) -> 31 | D5: =INDEX(table_mortality_rate!$A$1:$C$2000,MATCH(C5,table_mortality_rate!$A$1:$A$2000,0),MATCH(calc_cohort!$E$2,table_mortality_rate!A$1:C$1,0)) -> 0.000602 | E5: =(1-D5)^constant!$B$1 -> 0.99994982 | F5: =IF(A5=0,1,F4*E5) -> 0.99984947 | G5: =B5>=calc_cohort!C$2 -> FALSE | H5: =IF(G5,1,0) -> 0 | I5: =calc_cohort!$B$2*constant!$B$1*F5*H5 -> 0 | J5: =INDEX(table_spot_rate!B$1:B$2000,MATCH(A5,table_spot_rate!A$1:A$2000,0)) -> 0.059705945 | K5: =(1+J5)^(-A5*constant!$B$1) -> 0.98560672 | L5: =K5*I5 -> 0
A6: 4 | B6: =calc_cohort!D$2+constant!$B$1*A6 -> 31.533333 | C6: =_xlfn.FLOOR.MATH(B6) -> 31 | D6: =INDEX(table_mortality_rate!$A$1:$C$2000,MATCH(C6,table_mortality_rate!$A$1:$A$2000,0),MATCH(calc_cohort!$E$2,table_mortality_rate!A$1:C$1,0)) -> 0.000602 | E6: =(1-D6)^constant!$B$1 -> 0.99994982 | F6: =IF(A6=0,1,F5*E6) -> 0.99979929 | G6: =B6>=calc_cohort!C$2 -> FALSE | H6: =IF(G6,1,0) -> 0 | I6: =calc_cohort!$B$2*constant!$B$1*F6*H6 -> 0 | J6: =INDEX(table_spot_rate!B$1:B$2000,MATCH(A6,table_spot_rate!A$1:A$2000,0)) -> 0.052494186 | K6: =(1+J6)^(-A6*constant!$B$1) -> 0.98309035 | L6: =K6*I6 -> 0
A7: 5 | B7: =calc_cohort!D$2+constant!$B$1*A7 -> 31.616667 | C7: =_xlfn.FLOOR.MATH(B7) -> 31 | D7: =INDEX(table_mortality_rate!$A$1:$C$2000,MATCH(C7,table_mortality_rate!$A$1:$A$2000,0),MATCH(calc_cohort!$E$2,table_mortality_rate!A$1:C$1,0)) -> 0.000602 | E7: =(1-D7)^constant!$B$1 -> 0.99994982 | F7: =IF(A7=0,1,F6*E7) -> 0.99974912 | G7: =B7>=calc_cohort!C$2 -> FALSE | H7: =IF(G7,1,0) -> 0 | I7: =calc_cohort!$B$2*constant!$B$1*F7*H7 -> 0 | J7: =INDEX(table_spot_rate!B$1:B$2000,MATCH(A7,table_spot_rate!A$1:A$2000,0)) -> 0.057150264 | K7: =(1+J7)^(-A7*constant!$B$1) -> 0.97710904 | L7: =K7*I7 -> 0
A8: 6 | B8: =calc_cohort!D$2+constant!$B$1*A8 -> 31.7 | C8: =_xlfn.FLOOR.MATH(B8) -> 31 | D8: =INDEX(table_mortality_rate!$A$1:$C$2000,MATCH(C8,table_mortality_rate!$A$1:$A$2000,0),MATCH(calc_cohort!$E$2,table_mortality_rate!A$1:C$1,0)) -> 0.000602 | E8: =(1-D8)^constant!$B$1 -> 0.99994982 | F8: =IF(A8=0,1,F7*E8) -> 0.99969895 | G8: =B8>=calc_cohort!C$2 -> FALSE | H8: =IF(G8,1,0) -> 0 | I8: =calc_cohort!$B$2*constant!$B$1*F8*H8 -> 0 | J8: =INDEX(table_spot_rate!B$1:B$2000,MATCH(A8,table_spot_rate!A$1:A$2000,0)) -> 0.05188191 | K8: =(1+J8)^(-A8*constant!$B$1) -> 0.9750267 | L8: =K8*I8 -> 0
A9: 7 | B9: =calc_cohort!D$2+constant!$B$1*A9 -> 31.783333 | C9: =_xlfn.FLOOR.MATH(B9) -> 31 | D9: =INDEX(table_mortality_rate!$A$1:$C$2000,MATCH(C9,table_mortality_rate!$A$1:$A$2000,0),MATCH(calc_cohort!$E$2,table_mortality_rate!A$1:C$1,0)) -> 0.000602 | E9: =(1-D9)^constant!$B$1 -> 0.99994982 | F9: =IF(A9=0,1,F8*E9) -> 0.99964879 | G9: =B9>=calc_cohort!C$2 -> FALSE | H9: =IF(G9,1,0) -> 0 | I9: =calc_cohort!$B$2*constant!$B$1*F9*H9 -> 0 | J9: =INDEX(table_spot_rate!B$1:B$2000,MATCH(A9,table_spot_rate!A$1:A$2000,0)) -> 0.056987036 | K9: =(1+J9)^(-A9*constant!$B$1) -> 0.96818726 | L9: =K9*I9 -> 0
A10: 8 | B10: =calc_cohort!D$2+constant!$B$1*A10 -> 31.866667 | C10: =_xlfn.FLOOR.MATH(B10) -> 31 | D10: =INDEX(table_mortality_rate!$A$1:$C$2000,MATCH(C10,table_mortality_rate!$A$1:$A$2000,0),MATCH(calc_cohort!$E$2,table_mortality_rate!A$1:C$1,0)) -> 0.000602 | E10: =(1-D10)^constant!$B$1 -> 0.99994982 | F10: =IF(A10=0,1,F9*E10) -> 0.99959863 | G10: =B10>=calc_cohort!C$2 -> FALSE | H10: =IF(G10,1,0) -> 0 | I10: =calc_cohort!$B$2*constant!$B$1*F10*H10 -> 0 | J10: =INDEX(table_spot_rate!B$1:B$2000,MATCH(A10,table_spot_rate!A$1:A$2000,0)) -> 0.051436848 | K10: =(1+J10)^(-A10*constant!$B$1) -> 0.96711445 | L10: =K10*I10 -> 0
A11: 9 | B11: =calc_cohort!D$2+constant!$B$1*A11 -> 31.95 | C11: =_xlfn.FLOOR.MATH(B11) -> 31 | D11: =INDEX(table_mortality_rate!$A$1:$C$2000,MATCH(C11,table_mortality_rate!$A$1:$A$2000,0),MATCH(calc_cohort!$E$2,table_mortality_rate!A$1:C$1,0)) -> 0.000602 | E11: =(1-D11)^constant!$B$1 -> 0.99994982 | F11: =IF(A11=0,1,F10*E11) -> 0.99954847 | G11: =B11>=calc_cohort!C$2 -> FALSE | H11: =IF(G11,1,0) -> 0 | I11: =calc_cohort!$B$2*constant!$B$1*F11*H11 -> 0 | J11: =INDEX(table_spot_rate!B$1:B$2000,MATCH(A11,table_spot_rate!A$1:A$2000,0)) -> 0.055225441 | K11: =(1+J11)^(-A11*constant!$B$1) -> 0.96048605 | L11: =K11*I11 -> 0
A12: 10 | B12: =calc_cohort!D$2+constant!$B$1*A12 -> 32.033333 | C12: =_xlfn.FLOOR.MATH(B12) -> 32 | D12: =INDEX(table_mortality_rate!$A$1:$C$2000,MATCH(C12,table_mortality_rate!$A$1:$A$2000,0),MATCH(calc_cohort!$E$2,table_mortality_rate!A$1:C$1,0)) -> 0.000617 | E12: =(1-D12)^constant!$B$1 -> 0.99994857 | F12: =IF(A12=0,1,F11*E12) -> 0.99949706 | G12: =B12>=calc_cohort!C$2 -> FALSE | H12: =IF(G12,1,0) -> 0 | I12: =calc_cohort!$B$2*constant!$B$1*F12*H12 -> 0 | J12: =INDEX(table_spot_rate!B$1:B$2000,MATCH(A12,table_spot_rate!A$1:A$2000,0)) -> 0.057108608 | K12: =(1+J12)^(-A12*constant!$B$1) -> 0.95477343 | L12: =K12*I12 -> 0
A13: 11 | B13: =calc_cohort!D$2+constant!$B$1*A13 -> 32.116667 | C13: =_xlfn.FLOOR.MATH(B13) -> 32 | D13: =INDEX(table_mortality_rate!$A$1:$C$2000,MATCH(C13,table_mortality_rate!$A$1:$A$2000,0),MATCH(calc_cohort!$E$2,table_mortality_rate!A$1:C$1,0)) -> 0.000617 | E13: =(1-D13)^constant!$B$1 -> 0.99994857 | F13: =IF(A13=0,1,F12*E13) -> 0.99944565 | G13: =B13>=calc_cohort!C$2 -> FALSE | H13: =IF(G13,1,0) -> 0 | I13: =calc_cohort!$B$2*constant!$B$1*F13*H13 -> 0 | J13: =INDEX(table_spot_rate!B$1:B$2000,MATCH(A13,table_spot_rate!A$1:A$2000,0)) -> 0.055952116 | K13: =(1+J13)^(-A13*constant!$B$1) -> 0.9513189 | L13: =K13*I13 -> 0
... A722: 720 | B722: =calc_cohort!D$2+constant!$B$1*A722 -> 91.2 | C722: =_xlfn.FLOOR.MATH(B722) -> 91 | D722: =INDEX(table_mortality_rate!$A$1:$C$2000,MATCH(C722,table_mortality_rate!$A$1:$A$2000,0),MATCH(calc_cohort!$E$2,table_mortality_rate!A$1:C$1,0)) -> 0.184714 | E722: =(1-D722)^constant!$B$1 -> 0.98312596 | F722: =IF(A722=0,1,F721*E722) -> 0.13185242 | G722: =B722>=calc_cohort!C$2 -> TRUE | H722: =IF(G722,1,0) -> 1 | I722: =calc_cohort!$B$2*constant!$B$1*F722*H722 -> 0.13558823 | J722: =INDEX(table_spot_rate!B$1:B$2000,MATCH(A722,table_spot_rate!A$1:A$2000,0)) -> 0.059398854 | K722: =(1+J722)^(-A722*constant!$B$1) -> 0.031363901 | L722: =K722*I722 -> 0.004252576
